match_id,date,stage,group,home_team,away_team,home_score,away_score,status,winner,venue,venue_city,venue_country,total_goals,is_draw,is_high_scoring
537327,2026-06-11,GROUP_STAGE,GROUP_A,Mexico,South Africa,2,0,FINISHED,HOME_TEAM,,,Unknown,2,False,False
537328,2026-06-12,GROUP_STAGE,GROUP_A,South Korea,Czechia,2,1,FINISHED,HOME_TEAM,,,Unknown,3,False,False
537333,2026-06-12,GROUP_STAGE,GROUP_B,Canada,Bosnia-Herzegovina,1,1,FINISHED,DRAW,,,Unknown,2,True,False
537345,2026-06-13,GROUP_STAGE,GROUP_D,United States,Paraguay,4,1,FINISHED,HOME_TEAM,,,Unknown,5,False,True
537334,2026-06-13,GROUP_STAGE,GROUP_B,Qatar,Switzerland,1,1,FINISHED,DRAW,,,Unknown,2,True,False
537339,2026-06-13,GROUP_STAGE,GROUP_C,Brazil,Morocco,1,1,FINISHED,DRAW,,,Unknown,2,True,False
537340,2026-06-14,GROUP_STAGE,GROUP_C,Haiti,Scotland,0,1,FINISHED,AWAY_TEAM,,,Unknown,1,False,False
537346,2026-06-14,GROUP_STAGE,GROUP_D,Australia,Turkey,2,0,FINISHED,HOME_TEAM,,,Unknown,2,False,False
537351,2026-06-14,GROUP_STAGE,GROUP_E,Germany,Curaçao,7,1,FINISHED,HOME_TEAM,,,Unknown,8,False,True
537357,2026-06-14,GROUP_STAGE,GROUP_F,Netherlands,Japan,2,2,FINISHED,DRAW,,,Unknown,4,True,True
537352,2026-06-14,GROUP_STAGE,GROUP_E,Ivory Coast,Ecuador,1,0,FINISHED,HOME_TEAM,,,Unknown,1,False,False
537358,2026-06-15,GROUP_STAGE,GROUP_F,Sweden,Tunisia,5,1,FINISHED,HOME_TEAM,,,Unknown,6,False,True
537369,2026-06-15,GROUP_STAGE,GROUP_H,Spain,Cape Verde Islands,0,0,FINISHED,DRAW,,,Unknown,0,True,False
537363,2026-06-15,GROUP_STAGE,GROUP_G,Belgium,Egypt,1,1,FINISHED,DRAW,,,Unknown,2,True,False
537370,2026-06-15,GROUP_STAGE,GROUP_H,Saudi Arabia,Uruguay,1,1,FINISHED,DRAW,,,Unknown,2,True,False
537364,2026-06-16,GROUP_STAGE,GROUP_G,Iran,New Zealand,2,2,FINISHED,DRAW,,,Unknown,4,True,True
537391,2026-06-16,GROUP_STAGE,GROUP_I,France,Senegal,3,1,FINISHED,HOME_TEAM,,,Unknown,4,False,True
537392,2026-06-16,GROUP_STAGE,GROUP_I,Iraq,Norway,1,4,FINISHED,AWAY_TEAM,,,Unknown,5,False,True
537397,2026-06-17,GROUP_STAGE,GROUP_J,Argentina,Algeria,3,0,FINISHED,HOME_TEAM,,,Unknown,3,False,False
537398,2026-06-17,GROUP_STAGE,GROUP_J,Austria,Jordan,3,1,FINISHED,HOME_TEAM,,,Unknown,4,False,True
537403,2026-06-17,GROUP_STAGE,GROUP_K,Portugal,Congo DR,1,1,FINISHED,DRAW,,,Unknown,2,True,False
537409,2026-06-17,GROUP_STAGE,GROUP_L,England,Croatia,4,2,FINISHED,HOME_TEAM,,,Unknown,6,False,True
537410,2026-06-17,GROUP_STAGE,GROUP_L,Ghana,Panama,1,0,FINISHED,HOME_TEAM,,,Unknown,1,False,False
537404,2026-06-18,GROUP_STAGE,GROUP_K,Uzbekistan,Colombia,1,3,FINISHED,AWAY_TEAM,,,Unknown,4,False,True
537329,2026-06-18,GROUP_STAGE,GROUP_A,Czechia,South Africa,1,1,FINISHED,DRAW,,,Unknown,2,True,False
537335,2026-06-18,GROUP_STAGE,GROUP_B,Switzerland,Bosnia-Herzegovina,4,1,FINISHED,HOME_TEAM,,,Unknown,5,False,True
537336,2026-06-18,GROUP_STAGE,GROUP_B,Canada,Qatar,6,0,FINISHED,HOME_TEAM,,,Unknown,6,False,True
537330,2026-06-19,GROUP_STAGE,GROUP_A,Mexico,South Korea,1,0,FINISHED,HOME_TEAM,,,Unknown,1,False,False
537348,2026-06-19,GROUP_STAGE,GROUP_D,United States,Australia,2,0,FINISHED,HOME_TEAM,,,Unknown,2,False,False
537342,2026-06-19,GROUP_STAGE,GROUP_C,Scotland,Morocco,0,1,FINISHED,AWAY_TEAM,,,Unknown,1,False,False
537341,2026-06-20,GROUP_STAGE,GROUP_C,Brazil,Haiti,3,0,FINISHED,HOME_TEAM,,,Unknown,3,False,False
537347,2026-06-20,GROUP_STAGE,GROUP_D,Turkey,Paraguay,0,1,FINISHED,AWAY_TEAM,,,Unknown,1,False,False
537359,2026-06-20,GROUP_STAGE,GROUP_F,Netherlands,Sweden,5,1,FINISHED,HOME_TEAM,,,Unknown,6,False,True
537353,2026-06-20,GROUP_STAGE,GROUP_E,Germany,Ivory Coast,2,1,FINISHED,HOME_TEAM,,,Unknown,3,False,False
537354,2026-06-21,GROUP_STAGE,GROUP_E,Ecuador,Curaçao,0,0,FINISHED,DRAW,,,Unknown,0,True,False
537360,2026-06-21,GROUP_STAGE,GROUP_F,Tunisia,Japan,0,4,FINISHED,AWAY_TEAM,,,Unknown,4,False,True
537371,2026-06-21,GROUP_STAGE,GROUP_H,Spain,Saudi Arabia,4,0,FINISHED,HOME_TEAM,,,Unknown,4,False,True
537365,2026-06-21,GROUP_STAGE,GROUP_G,Belgium,Iran,0,0,FINISHED,DRAW,,,Unknown,0,True,False
537372,2026-06-21,GROUP_STAGE,GROUP_H,Uruguay,Cape Verde Islands,2,2,FINISHED,DRAW,,,Unknown,4,True,True
537366,2026-06-22,GROUP_STAGE,GROUP_G,New Zealand,Egypt,1,3,FINISHED,AWAY_TEAM,,,Unknown,4,False,True
537399,2026-06-22,GROUP_STAGE,GROUP_J,Argentina,Austria,2,0,FINISHED,HOME_TEAM,,,Unknown,2,False,False
537393,2026-06-22,GROUP_STAGE,GROUP_I,France,Iraq,3,0,FINISHED,HOME_TEAM,,,Unknown,3,False,False
537394,2026-06-23,GROUP_STAGE,GROUP_I,Norway,Senegal,3,2,FINISHED,HOME_TEAM,,,Unknown,5,False,True
537400,2026-06-23,GROUP_STAGE,GROUP_J,Jordan,Algeria,1,2,FINISHED,AWAY_TEAM,,,Unknown,3,False,False
537405,2026-06-23,GROUP_STAGE,GROUP_K,Portugal,Uzbekistan,5,0,FINISHED,HOME_TEAM,,,Unknown,5,False,True
537411,2026-06-23,GROUP_STAGE,GROUP_L,England,Ghana,0,0,FINISHED,DRAW,,,Unknown,0,True,False
537412,2026-06-23,GROUP_STAGE,GROUP_L,Panama,Croatia,0,1,FINISHED,AWAY_TEAM,,,Unknown,1,False,False
537406,2026-06-24,GROUP_STAGE,GROUP_K,Colombia,Congo DR,1,0,FINISHED,HOME_TEAM,,,Unknown,1,False,False
537337,2026-06-24,GROUP_STAGE,GROUP_B,Switzerland,Canada,2,1,FINISHED,HOME_TEAM,,,Unknown,3,False,False
537338,2026-06-24,GROUP_STAGE,GROUP_B,Bosnia-Herzegovina,Qatar,3,1,FINISHED,HOME_TEAM,,,Unknown,4,False,True
537344,2026-06-24,GROUP_STAGE,GROUP_C,Morocco,Haiti,4,2,FINISHED,HOME_TEAM,,,Unknown,6,False,True
537343,2026-06-24,GROUP_STAGE,GROUP_C,Scotland,Brazil,0,3,FINISHED,AWAY_TEAM,,,Unknown,3,False,False
537331,2026-06-25,GROUP_STAGE,GROUP_A,Czechia,Mexico,0,3,FINISHED,AWAY_TEAM,,,Unknown,3,False,False
537332,2026-06-25,GROUP_STAGE,GROUP_A,South Africa,South Korea,1,0,FINISHED,HOME_TEAM,,,Unknown,1,False,False
537355,2026-06-25,GROUP_STAGE,GROUP_E,Ecuador,Germany,2,1,FINISHED,HOME_TEAM,,,Unknown,3,False,False
537356,2026-06-25,GROUP_STAGE,GROUP_E,Curaçao,Ivory Coast,0,2,FINISHED,AWAY_TEAM,,,Unknown,2,False,False
537361,2026-06-25,GROUP_STAGE,GROUP_F,Tunisia,Netherlands,1,3,FINISHED,AWAY_TEAM,,,Unknown,4,False,True
537362,2026-06-25,GROUP_STAGE,GROUP_F,Japan,Sweden,1,1,FINISHED,DRAW,,,Unknown,2,True,False
537349,2026-06-26,GROUP_STAGE,GROUP_D,Turkey,United States,3,2,FINISHED,HOME_TEAM,,,Unknown,5,False,True
537350,2026-06-26,GROUP_STAGE,GROUP_D,Paraguay,Australia,0,0,FINISHED,DRAW,,,Unknown,0,True,False
537395,2026-06-26,GROUP_STAGE,GROUP_I,Norway,France,1,4,FINISHED,AWAY_TEAM,,,Unknown,5,False,True
537396,2026-06-26,GROUP_STAGE,GROUP_I,Senegal,Iraq,5,0,FINISHED,HOME_TEAM,,,Unknown,5,False,True
537373,2026-06-27,GROUP_STAGE,GROUP_H,Uruguay,Spain,0,1,FINISHED,AWAY_TEAM,,,Unknown,1,False,False
537374,2026-06-27,GROUP_STAGE,GROUP_H,Cape Verde Islands,Saudi Arabia,0,0,FINISHED,DRAW,,,Unknown,0,True,False
537367,2026-06-27,GROUP_STAGE,GROUP_G,New Zealand,Belgium,1,5,FINISHED,AWAY_TEAM,,,Unknown,6,False,True
537368,2026-06-27,GROUP_STAGE,GROUP_G,Egypt,Iran,1,1,FINISHED,DRAW,,,Unknown,2,True,False
537413,2026-06-27,GROUP_STAGE,GROUP_L,Panama,England,0,2,FINISHED,AWAY_TEAM,,,Unknown,2,False,False
537414,2026-06-27,GROUP_STAGE,GROUP_L,Croatia,Ghana,2,1,FINISHED,HOME_TEAM,,,Unknown,3,False,False
537407,2026-06-27,GROUP_STAGE,GROUP_K,Colombia,Portugal,0,0,FINISHED,DRAW,,,Unknown,0,True,False
537408,2026-06-27,GROUP_STAGE,GROUP_K,Congo DR,Uzbekistan,3,1,FINISHED,HOME_TEAM,,,Unknown,4,False,True
537401,2026-06-28,GROUP_STAGE,GROUP_J,Jordan,Argentina,1,3,FINISHED,AWAY_TEAM,,,Unknown,4,False,True
537402,2026-06-28,GROUP_STAGE,GROUP_J,Algeria,Austria,3,3,FINISHED,DRAW,,,Unknown,6,True,True
537417,2026-06-28,LAST_32,,South Africa,Canada,0,1,FINISHED,AWAY_TEAM,,,Unknown,1,False,False
537423,2026-06-29,LAST_32,,Brazil,Japan,2,1,FINISHED,HOME_TEAM,,,Unknown,3,False,False
537415,2026-06-29,LAST_32,,Germany,Paraguay,4,5,FINISHED,AWAY_TEAM,,,Unknown,9,False,True
537418,2026-06-30,LAST_32,,Netherlands,Morocco,3,4,FINISHED,AWAY_TEAM,,,Unknown,7,False,True
537424,2026-06-30,LAST_32,,Ivory Coast,Norway,1,2,FINISHED,AWAY_TEAM,,,Unknown,3,False,False
537416,2026-06-30,LAST_32,,France,Sweden,3,0,FINISHED,HOME_TEAM,,,Unknown,3,False,False
537425,2026-07-01,LAST_32,,Mexico,Ecuador,2,0,FINISHED,HOME_TEAM,,,Unknown,2,False,False
537426,2026-07-01,LAST_32,,England,Congo DR,2,1,FINISHED,HOME_TEAM,,,Unknown,3,False,False
537422,2026-07-01,LAST_32,,Belgium,Senegal,3,2,FINISHED,HOME_TEAM,,,Unknown,5,False,True
537421,2026-07-02,LAST_32,,United States,Bosnia-Herzegovina,2,0,FINISHED,HOME_TEAM,,,Unknown,2,False,False
537420,2026-07-02,LAST_32,,Spain,Austria,3,0,FINISHED,HOME_TEAM,,,Unknown,3,False,False
537419,2026-07-02,LAST_32,,Portugal,Croatia,2,1,FINISHED,HOME_TEAM,,,Unknown,3,False,False
537429,2026-07-03,LAST_32,,Switzerland,Algeria,2,0,FINISHED,HOME_TEAM,,,Unknown,2,False,False
537428,2026-07-03,LAST_32,,Australia,Egypt,3,5,FINISHED,AWAY_TEAM,,,Unknown,8,False,True
537427,2026-07-03,LAST_32,,Argentina,Cape Verde Islands,3,2,FINISHED,HOME_TEAM,,,Unknown,5,False,True
537430,2026-07-04,LAST_32,,Colombia,Ghana,1,0,FINISHED,HOME_TEAM,,,Unknown,1,False,False
537376,2026-07-04,LAST_16,,Canada,Morocco,0,3,FINISHED,AWAY_TEAM,,,Unknown,3,False,False
537375,2026-07-04,LAST_16,,Paraguay,France,0,1,FINISHED,AWAY_TEAM,,,Unknown,1,False,False
537377,2026-07-05,LAST_16,,Brazil,Norway,1,2,FINISHED,AWAY_TEAM,,,Unknown,3,False,False
537378,2026-07-06,LAST_16,,Mexico,England,2,3,FINISHED,AWAY_TEAM,,,Unknown,5,False,True
537379,2026-07-06,LAST_16,,Portugal,Spain,0,1,FINISHED,AWAY_TEAM,,,Unknown,1,False,False
537380,2026-07-07,LAST_16,,United States,Belgium,1,4,FINISHED,AWAY_TEAM,,,Unknown,5,False,True
537381,2026-07-07,LAST_16,,Argentina,Egypt,3,2,FINISHED,HOME_TEAM,,,Unknown,5,False,True
537382,2026-07-07,LAST_16,,Switzerland,Colombia,4,3,FINISHED,HOME_TEAM,,,Unknown,7,False,True
537383,2026-07-09,QUARTER_FINALS,,France,Morocco,2,0,FINISHED,HOME_TEAM,,,Unknown,2,False,False
537384,2026-07-10,QUARTER_FINALS,,Spain,Belgium,2,1,FINISHED,HOME_TEAM,,,Unknown,3,False,False
537385,2026-07-11,QUARTER_FINALS,,Norway,England,1,2,FINISHED,AWAY_TEAM,,,Unknown,3,False,False
537386,2026-07-12,QUARTER_FINALS,,Argentina,Switzerland,3,1,FINISHED,HOME_TEAM,,,Unknown,4,False,True
537387,2026-07-14,SEMI_FINALS,,France,Spain,0,2,FINISHED,AWAY_TEAM,,,Unknown,2,False,False
537388,2026-07-15,SEMI_FINALS,,England,Argentina,1,2,FINISHED,AWAY_TEAM,,,Unknown,3,False,False
537389,2026-07-18,THIRD_PLACE,,France,England,4,6,FINISHED,AWAY_TEAM,,,Unknown,10,False,True
537390,2026-07-19,FINAL,,Spain,Argentina,1,0,FINISHED,HOME_TEAM,,,Unknown,1,False,False
